{
  "Västra Nobelgatan 20, Örebro, Sweden": [
    59.2792,
    15.1974
  ],
  "Brygghusgatan 12, Örebro, Sweden": [
    59.25741241632697,
    15.213197171688082
  ],
  "Brygghusgatan 10, Örebro, Sweden": [
    59.25685163316297,
    15.212698280811312
  ],
  "Tärnvägen 8D Studentlägenhet, Örebro, Sweden": [
    59.25850790498063,
    15.257263183593752
  ],
  "Studentlägenheter Tärnvägen 22-30, Örebro, Sweden": [
    59.258779372318436,
    15.258325338363647
  ],
  "Lillbackavägen 8, Örebro, Sweden": [
    59.25377058891079,
    15.195392668247225
  ],
  "Spannlandsgatan 39 C, Örebro, Sweden": [
    59.27240754281191,
    15.16494154930115
  ],
  "Spannlandsgatan 48  C, Örebro, Sweden": [
    59.27167569151265,
    15.171990394592287
  ],
  "Spannlandsgatan 21 D, Örebro, Sweden": [
    59.27189634496484,
    15.166220963001253
  ],
  "Linfrögatan 6A, Örebro, Sweden": [
    59.25791971832952,
    15.21634340286255
  ],
  "Linfrögatan 4B, Örebro, Sweden": [
    59.25801432246205,
    15.216954946517946
  ],
  "Linfrögatan 2C, Örebro, Sweden": [
    59.25822546697001,
    15.217182934284212
  ],
  "Södra Belltorpsvägen 25, Örebro, Sweden": [
    59.23468714164887,
    15.156980752944948
  ],
  "Södra Belltorpsvägen 21, Örebro, Sweden": [
    59.234445666868936,
    15.155910551548006
  ],
  "Södra Belltorpsvägen 23, Örebro, Sweden": [
    59.23492175471242,
    15.15664279460907
  ],
  "Skogstorpsvägen 5, Örebro, Sweden": [
    59.235235941609055,
    15.15620291233063
  ],
  "Skogstorpsvägen 3, Örebro, Sweden": [
    59.235496618496775,
    15.155964195728304
  ],
  "Spannlandsgatan 33 D, Örebro, Sweden": [
    59.272036137095455,
    15.165271461009981
  ],
  "Soldatgatan 1, Örebro, Sweden": [
    59.2891809899671,
    15.233273506164553
  ],
  "Karlsdalsallén B 16, Örebro, Sweden": [
    59.252189508801074,
    15.204595327377321
  ],
  "Karlsdalsallén b 16, Örebro, Sweden": [
    59.252189508801074,
    15.204589962959291
  ],
  "Karlsdalsallén A 16, Örebro, Sweden": [
    59.252063348338694,
    15.204252004623415
  ],
  "Brickebergsvägen 20, Örebro, Sweden": [
    59.2465557147761,
    15.247717201709749
  ],
  "Brickebergsvägen 17, Örebro, Sweden": [
    59.244994873933685,
    15.24977445602417
  ],
  "Brickebergsvägen 12, Örebro, Sweden": [
    59.24765292391292,
    15.246759653091432
  ],
  "Tärnvägen 6B Studentlägenhet, Örebro, Sweden": [
    59.2587080780755,
    15.256866216659548
  ],
  "Termikgatan 17, Örebro, Sweden": [
    59.25321523088025,
    15.198962688446047
  ],
  "Termikgatan 5E, Örebro, Sweden": [
    59.253640320555505,
    15.198313593864443
  ],
  "Termikgatan 11 D, Örebro, Sweden": [
    59.25320974581752,
    15.198442339897158
  ],
  "Termikgatan 1C, Örebro, Sweden": [
    59.25352787799584,
    15.197503566741945
  ],
  "Termikgatan 13G, Örebro, Sweden": [
    59.25291903623048,
    15.198844671249391
  ],
  "Lillbackavägen 10, Örebro, Sweden": [
    59.253257740086354,
    15.195953249931337
  ]
}