{
  "Västra Nobelgatan 20, Örebro, Sweden": [
    59.2806706149657,
    15.20586133003235
  ],
  "Brygghusgatan 12, Örebro, Sweden": [
    59.25741241632697,
    15.213197171688082
  ],
  "Brygghusgatan 10, Örebro, Sweden": [
    59.25685163316297,
    15.212698280811312
  ],
  "Tärnvägen 8D Studentlägenhet, Örebro, Sweden": [
    59.25850790498063,
    15.257263183593752
  ],
  "Studentlägenheter Tärnvägen 22-30, Örebro, Sweden": [
    59.258779372318436,
    15.258325338363647
  ],
  "Lillbackavägen 8, Örebro, Sweden": [
    59.25377058891079,
    15.195392668247225
  ],
  "Spannlandsgatan 39 C, Örebro, Sweden": [
    59.27240754281191,
    15.16494154930115
  ],
  "Spannlandsgatan 48  C, Örebro, Sweden": [
    59.27167569151265,
    15.171990394592287
  ],
  "Spannlandsgatan 21 D, Örebro, Sweden": [
    59.27189634496484,
    15.166220963001253
  ],
  "Linfrögatan 6A, Örebro, Sweden": [
    59.25791971832952,
    15.21634340286255
  ],
  "Linfrögatan 4B, Örebro, Sweden": [
    59.25801432246205,
    15.216954946517946
  ],
  "Linfrögatan 2C, Örebro, Sweden": [
    59.25822546697001,
    15.217182934284212
  ],
  "Södra Belltorpsvägen 25, Örebro, Sweden": [
    59.23468714164887,
    15.156980752944948
  ],
  "Södra Belltorpsvägen 21, Örebro, Sweden": [
    59.234445666868936,
    15.155910551548006
  ],
  "Södra Belltorpsvägen 23, Örebro, Sweden": [
    59.23492175471242,
    15.15664279460907
  ],
  "Skogstorpsvägen 5, Örebro, Sweden": [
    59.235235941609055,
    15.15620291233063
  ],
  "Skogstorpsvägen 3, Örebro, Sweden": [
    59.235496618496775,
    15.155964195728304
  ],
  "Spannlandsgatan 33 D, Örebro, Sweden": [
    59.272036137095455,
    15.165271461009981
  ],
  "Soldatgatan 1, Örebro, Sweden": [
    59.2891809899671,
    15.233273506164553
  ],
  "Karlsdalsallén B 16, Örebro, Sweden": [
    59.252189508801074,
    15.204595327377321
  ],
  "Karlsdalsallén b 16, Örebro, Sweden": [
    59.252189508801074,
    15.204589962959291
  ],
  "Karlsdalsallén A 16, Örebro, Sweden": [
    59.252063348338694,
    15.204252004623415
  ],
  "Brickebergsvägen 20, Örebro, Sweden": [
    59.2465557147761,
    15.247717201709749
  ],
  "Brickebergsvägen 17, Örebro, Sweden": [
    59.244994873933685,
    15.24977445602417
  ],
  "Brickebergsvägen 12, Örebro, Sweden": [
    59.24765292391292,
    15.246759653091432
  ],
  "Tärnvägen 6B Studentlägenhet, Örebro, Sweden": [
    59.2587080780755,
    15.256866216659548
  ],
  "Termikgatan 17, Örebro, Sweden": [
    59.25321523088025,
    15.198962688446047
  ],
  "Termikgatan 5E, Örebro, Sweden": [
    59.253640320555505,
    15.198313593864443
  ],
  "Termikgatan 11 D, Örebro, Sweden": [
    59.25320974581752,
    15.198442339897158
  ],
  "Termikgatan 1C, Örebro, Sweden": [
    59.25352787799584,
    15.197503566741945
  ],
  "Termikgatan 13G, Örebro, Sweden": [
    59.25291903623048,
    15.198844671249391
  ],
  "Lillbackavägen 10, Örebro, Sweden": [
    59.253257740086354,
    15.195953249931337
  ],
  "Visgatan 30, Örebro, Sweden": [
    59.29681550066315,
    15.180455446243288
  ],
  "Peppargatan 29B, Örebro, Sweden": [
    59.25349085414502,
    15.216740369796755
  ],
  "Ulrikelundsvägen 8, Örebro, Sweden": [
    59.23520712983076,
    15.157165825366974
  ],
  "Karlsdalsallén 16A, Örebro, Sweden": [
    59.25206197702674,
    15.20425468683243
  ],
  "Sörbyvägen 4, Örebro, Sweden": [
    59.250796232579994,
    15.229867100715639
  ],
  "Tamarindvägen 4 B, Örebro, Sweden": [
    59.25188233468566,
    15.223043560981752
  ],
  "Tamarindvägen 2, Örebro, Sweden": [
    59.252086660633196,
    15.223588049411775
  ],
  "Karlsdalsallén 48A, Örebro, Sweden": [
    59.25262146771724,
    15.217781066894533
  ],
  "Karlsdalsallén 44A, Örebro, Sweden": [
    59.252672205389395,
    15.216903984546663
  ],
  "Peppargatan 33A, Örebro, Sweden": [
    59.253028738252766,
    15.216592848300936
  ],
  "Karldalsallén 41, Örebro, Sweden": [
    59.2522896140531,
    15.215699672698976
  ],
  "Karldalsallén 39, Örebro, Sweden": [
    59.25233349571473,
    15.215198099613191
  ],
  "Karlsdalsallén 41, Örebro, Sweden": [
    59.2522896140531,
    15.215699672698976
  ],
  "Karlsdalsallén 39, Örebro, Sweden": [
    59.25233349571473,
    15.215195417404177
  ],
  "Karlsdalsallén 43 A, Örebro, Sweden": [
    59.25225807407392,
    15.216413140296938
  ],
  "Hjortstorpsvägen 28, Örebro, Sweden": [
    59.28372456640078,
    15.230982899665834
  ],
  "Längbrotorg 5, 70366 Örebro, Sweden": [
    59.28257234503603,
    15.224164724349977
  ],
  "Längbrotorg 3, 70366 Örebro, Sweden": [
    59.28228188593342,
    15.224162042140962
  ],
  "Längbrotorg 1, 70366 Örebro, Sweden": [
    59.28204896882493,
    15.224145948886873
  ],
  "Längbrotorg 6, Örebro, Sweden": [
    59.28385471975153,
    15.226498246192934
  ],
  "Tegnérgatan 23, Örebro, Sweden": [
    59.281346097537494,
    15.20575672388077
  ]
}